id,correctAnswer
102501,C
102502,D
102503,B
102504,C
102505,D
102506,A
102507,C
102508,B
102509,A
102510,C
102511,A
102512,C
102513,D
102514,D
102515,C
102516,A
102517,A
102518,A
102519,B
102520,C
102521,A
102522,B
102523,A
102524,B
102525,A
102526,D
102527,C
102528,D
102529,B
102530,B
102531,B
102532,C
102533,D
102534,B
102535,B
102536,D
102537,B
102538,A
102539,D
102540,A
102541,C
102542,A
102543,B
102544,C
102545,A
102546,B
102547,B
102548,A
102549,D
102550,B
102551,A
102552,A
102553,C
102554,D
102555,C
102556,A
102557,B
102558,D
102559,B
102560,A
102561,C
102562,D
102563,B
102564,B
102565,A
102566,B
102567,C
102568,B
102569,D
102570,C
102571,C
102572,D
102573,D
102574,B
102575,D
102576,C
102577,A
102578,C
102579,D
102580,B
102581,D
102582,B
102583,A
102584,B
102585,A
102586,B
102587,C
102588,C
102589,D
102590,D
102591,A
102592,D
102593,B
102594,B
102595,D
102596,A
102597,D
102598,C
102599,A
102600,D
102601,C
102602,C
102603,B
102604,A
102605,D
102606,D
102607,B
102608,B
102609,C
102610,C
102611,D
102612,D
102613,C
102614,C
102615,D
102616,A
102617,A
102618,D
102619,D
102620,A
102621,B
102622,D
102623,B
102624,C
102625,B
102626,C
102627,B
102628,A
102629,C
102630,D
102631,A
102632,A
102633,A
102634,B
102635,D
102636,B
102637,B
102638,C
102639,A
102640,B
102641,D
102642,A
102643,B
102644,A
102645,B
102646,A
102647,C
102648,B
102649,B
102650,C
102651,D
102652,C
102653,A
102654,A
102655,D
102656,B
102657,B
102658,A
102659,C
102660,A
102661,D
102662,B
102663,C
102664,B
102665,D
102666,C
102667,B
102668,A
102669,C
102670,C
102671,C
102672,B
102673,D
102674,A
102675,C
102676,B
102677,C
102678,A
102679,A
102680,D
102681,D
102682,C
102683,B
102684,B
102685,A
102686,A
102687,A
102688,C
102689,D
102690,D
102691,B
102692,B
102693,B
102694,A
102695,D
102696,A
102697,B
102698,D
102699,D
102700,A
102701,B
102702,C
102703,C
102704,B
102705,C
102706,C
102707,D
102708,D
102709,B
102710,D
102711,B
102712,D
102713,A
102714,D
102715,C
102716,A
102717,C
102718,B
102719,A
102720,B
102721,C
102722,A
102723,C
102724,A
102725,B
102726,B
102727,A
102728,A
102729,C
102730,D
102731,D
102732,B
102733,B
102734,D
102735,A
102736,D
102737,C
102738,A
102739,D
102740,A
102741,C
102742,B
102743,B
102744,D
102745,C
102746,B
102747,A
102748,B
102749,B
102750,D
102751,C
102752,D
102753,C
102754,C
102755,D
102756,A
102757,B
102758,D
102759,A
102760,A
102761,B
102762,A
102763,A
102764,B
102765,B
102766,B
102767,C
102768,D
102769,D
102770,D
102771,C
102772,B
102773,B
102774,B
102775,C
102776,A
102777,D
102778,C
102779,A
102780,B
102781,B
102782,D
102783,B
102784,C
102785,A
102786,A
102787,B
102788,C
102789,C
102790,B
102791,C
102792,C
102793,B
102794,A
102795,C
102796,C
102797,B
102798,A
102799,D
102800,D
102801,D
102802,C
102803,D
102804,D
102805,D
102806,A
102807,B
102808,B
102809,C
102810,C
102811,C
102812,B
102813,C
102814,A
102815,C
102816,B
102817,D
102818,C
102819,D
102820,A
102821,B
102822,D
102823,A
102824,B
102825,B
102826,C
102827,B
102828,B
102829,D
102830,C
102831,B
102832,A
102833,D
102834,D
102835,A
102836,B
102837,C
102838,A
102839,D
102840,B
102841,B
102842,A
102843,B
102844,C
102845,D
102846,A
102847,D
102848,A
102849,C
102850,B
102851,B
102852,A
102853,B
102854,C
102855,A
102856,B
102857,A
102858,C
102859,D
102860,B
102861,A
102862,C
102863,A
102864,A
102865,D
102866,D
102867,C
102868,B
102869,D
102870,B
102871,D
102872,A
102873,D
102874,B
102875,D
102876,A
102877,B
102878,C
102879,D
102880,B
102881,B
102882,D
102883,B
102884,C
102885,A
102886,D
102887,B
102888,A
102889,A
102890,D
102891,D
102892,B
102893,D
102894,D
102895,C
102896,B
102897,A
102898,C
102899,D
102900,A
102901,B
102902,B
102903,B
102904,A
102905,D
102906,D
102907,B
102908,C
102909,A
102910,A
102911,C
102912,A
102913,A
102914,B
102915,A
102916,A
102917,A
102918,C
102919,A
102920,D
102921,C
102922,C
102923,B
102924,B
102925,B
102926,C
102927,C
102928,B
102929,B
102930,B
102931,D
102932,D
102933,C
102934,A
102935,D
102936,B
102937,D
102938,C
102939,B
102940,C
102941,A
102942,A
102943,C
102944,A
102945,D
102946,D
102947,B
102948,B
102949,C
102950,A
102951,B
102952,A
102953,A
102954,C
102955,D
102956,C
102957,B
102958,B
102959,B
102960,D
102961,A
102962,D
102963,A
102964,C
102965,A
102966,C
102967,B
102968,A
102969,C
102970,A
102971,D
102972,D
102973,B
102974,A
102975,B
102976,B
102977,A
102978,A
102979,A
102980,B
102981,A
102982,A
102983,A
102984,B
102985,D
102986,D
102987,B
102988,A
102989,B
102990,C
102991,A
102992,A
102993,C
102994,A
102995,D
102996,D
102997,C
102998,D
102999,A
103000,B
103001,C
103002,D
103003,B
103004,C
103005,C
103006,C
103007,C
103008,D
103009,D
103010,A
103011,A
103012,B
103013,C
103014,B
103015,B
103016,D
103017,B
103018,D
103019,A
103020,B
103021,C
103022,D
103023,B
103024,B
103025,B
103026,A
103027,A
103028,B
103029,C
103030,D
103031,C
103032,D
103033,B
103034,C
103035,C
103036,A
103037,B
103038,B
103039,B
103040,C
103041,B
103042,D
103043,C
103044,B
103045,A
103046,A
103047,D
103048,B
103049,B
103050,A
103051,B
103052,B
103053,D
103054,A
103055,D
103056,B
103057,A
103058,C
103059,C
103060,D
103061,A
103062,C
103063,A
103064,D
103065,C
103066,A
103067,A
103068,D
103069,C
103070,B
103071,C
103072,A
103073,B
103074,C
103075,D
103076,B
103077,C
103078,A
103079,A
103080,C
103081,D
103082,D
103083,C
103084,D
103085,C
103086,B
103087,A
103088,B
103089,D
103090,D
103091,B
103092,A
103093,C
103094,C
103095,D
103096,D
103097,B
103098,A
103099,A
103100,D
103101,C
103102,A
103103,B
103104,A
103105,C
103106,C
103107,D
103108,B
103109,D
103110,B
103111,D
103112,B
103113,B
103114,B
103115,D
103116,C
103117,D
103118,D
103119,A
103120,B
103121,A
103122,C
103123,B
103124,B
103125,C
103126,A
103127,B
103128,A
103129,C
103130,B
103131,C
103132,B
103133,B
103134,A
103135,C
103136,A
103137,D
103138,C
103139,D
103140,A
103141,C
103142,B
103143,D
103144,B
103145,D
103146,A
103147,D
103148,D
103149,A
103150,D
103151,D
103152,A
103153,B
103154,A
103155,A
103156,B
103157,A
103158,C
103159,A
103160,A
103161,C
103162,D
103163,C
103164,A
103165,A
103166,A
103167,C
103168,A
103169,A
103170,A
103171,A
103172,B
103173,A
103174,D
103175,A
103176,C
103177,D
103178,D
103179,C
103180,C
103181,B
103182,B
103183,C
103184,B
103185,D
103186,C
103187,A
103188,B
103189,B
103190,A
103191,C
103192,D
103193,D
103194,D
103195,A
103196,C
103197,C
103198,D
103199,C
103200,A
103201,D
103202,A
103203,C
103204,A
103205,D
103206,A
103207,B
103208,C
103209,A
103210,C
103211,A
103212,B
103213,C
103214,B
103215,C
103216,A
103217,D
103218,A
103219,B
103220,C
103221,D
103222,A
103223,A
103224,C
103225,A
103226,A
103227,C
103228,C
103229,C
103230,D
103231,D
103232,B
103233,D
103234,B
103235,C
103236,D
103237,A
103238,D
103239,D
103240,D
103241,C
103242,D
103243,D
103244,A
103245,A
103246,C
103247,A
103248,D
103249,C
103250,C
103251,A
103252,B
103253,C
103254,B
103255,A
103256,C
103257,D
103258,D
103259,B
103260,A
103261,A
103262,B
103263,B
103264,A
103265,C
103266,C
103267,D
103268,D
103269,A
103270,C
103271,D
103272,C
103273,A
103274,B
103275,B
103276,B
103277,A
103278,D
103279,C
103280,B
103281,A
103282,D
103283,D
103284,A
103285,D
103286,A
103287,C
103288,D
103289,C
103290,A
103291,B
103292,D
103293,B
103294,A
103295,A
103296,C
103297,D
103298,C
103299,A
103300,C
103301,C
103302,D
103303,A
103304,C
103305,C
103306,A
103307,B
103308,D
103309,B
103310,C
103311,B
103312,B
103313,C
103314,A
103315,A
103316,A
103317,A
103318,D
103319,A
103320,D
103321,B
103322,B
103323,B
103324,A
103325,A
103326,C
103327,D
103328,C
103329,D
103330,D
103331,A
103332,C
103333,B
103334,D
103335,D
103336,A
103337,D
103338,A
103339,D
103340,B
103341,A
103342,C
103343,D
103344,D
103345,D
103346,B
103347,D
103348,D
103349,D
103350,B
103351,A
103352,A
103353,B
103354,A
103355,B
103356,C
103357,D
103358,D
103359,B
103360,B
103361,B
103362,B
103363,C
103364,D
103365,B
103366,A
103367,B
103368,A
103369,D
103370,D
103371,B
103372,C
103373,D
103374,C
103375,C
103376,C
103377,D
103378,B
103379,C
103380,B
103381,A
103382,B
103383,C
103384,A
103385,C
103386,A
103387,A
103388,B
103389,C
103390,D
103391,B
103392,D
103393,D
103394,C
103395,B
103396,D
103397,C
103398,C
103399,B
103400,A
103401,A
103402,C
103403,C
103404,D
103405,C
103406,B
103407,A
103408,A
103409,D
103410,A
103411,B
103412,D
103413,A
103414,B
103415,B
103416,A
103417,A
103418,A
103419,A
103420,D
103421,D
103422,B
103423,C
103424,D
103425,A
103426,A
103427,B
103428,B
103429,C
103430,D
103431,A
103432,B
103433,D
103434,C
103435,C
103436,A
103437,C
103438,B
103439,A
103440,A
103441,C
103442,B
103443,D
103444,D
103445,C
103446,A
103447,B
103448,C
103449,B
103450,B
103451,D
103452,A
103453,D
103454,B
103455,B
103456,D
103457,D
103458,C
103459,A
103460,D
103461,C
103462,D
103463,A
103464,D
103465,A
103466,A
103467,D
103468,C
103469,A
103470,A
103471,D
103472,C
103473,D
103474,C
103475,D
103476,C
103477,C
103478,B
103479,A
103480,A
103481,C
103482,C
103483,B
103484,D
103485,D
103486,A
103487,D
103488,D
103489,A
103490,B
103491,D
103492,D
103493,A
103494,D
103495,C
103496,D
103497,B
103498,B
103499,D
103500,A
103501,A
103502,D
103503,B
103504,B
103505,B
103506,D
103507,D
103508,D
103509,C
103510,C
103511,A
103512,D
103513,D
103514,B
103515,B
103516,C
103517,B
103518,C
103519,B
103520,A
103521,D
103522,D
103523,A
103524,C
103525,A
103526,A
103527,D
103528,D
103529,B
103530,D
103531,C
103532,A
103533,B
103534,B
103535,A
103536,B
103537,A
103538,A
103539,B
103540,D
103541,D
103542,C
103543,D
103544,D
103545,B
103546,A
103547,B
103548,A
103549,C
103550,A
103551,A
103552,D
103553,D
103554,D
103555,B
103556,C
103557,C
103558,A
103559,C
103560,A
103561,D
103562,C
103563,C
103564,C
103565,A
103566,A
103567,C
103568,A
103569,D
103570,D
103571,D
103572,A
103573,D
103574,D
103575,A
103576,B
103577,D
103578,D
103579,A
103580,A
103581,C
103582,D
103583,B
103584,D
103585,A
103586,B
103587,D
103588,D
103589,C
103590,C
103591,B
103592,A
103593,C
103594,B
103595,D
103596,A
103597,C
103598,A
103599,C
103600,C
103601,D
103602,C
103603,D
103604,B
103605,A
103606,D
103607,C
103608,D
103609,D
103610,B
103611,B
103612,D
103613,C
103614,A
103615,A
103616,A
103617,D
103618,D
103619,B
103620,D
103621,A
103622,C
103623,D
103624,D
103625,B
103626,A
103627,A
103628,C
103629,C
103630,A
103631,D
103632,C
103633,B
103634,C
103635,A
103636,B
103637,C
103638,A
103639,B
103640,D
103641,B
103642,C
103643,D
103644,C
103645,D
103646,D
103647,B
103648,C
103649,A
103650,B
103651,C
103652,C
103653,D
103654,B
103655,C
103656,D
103657,A
103658,A
103659,B
103660,C
103661,C
103662,D
103663,B
103664,A
103665,C
103666,B
103667,D
103668,A
103669,A
103670,B
103671,B
103672,B
103673,C
103674,B
103675,C
103676,D
103677,B
103678,C
103679,B
103680,B
103681,A
103682,C
103683,C
103684,D
103685,B
103686,A
103687,C
103688,B
103689,C
103690,C
103691,C
103692,B
103693,A
103694,A
103695,C
103696,C
103697,D
103698,C
103699,D
103700,A
103701,B
103702,C
103703,A
103704,A
103705,C
103706,A
103707,A
103708,A
103709,D
103710,D
103711,C
103712,D
103713,C
103714,A
103715,D
103716,C
103717,D
103718,B
103719,D
103720,C
103721,A
103722,B
103723,B
103724,B
103725,A
103726,A
103727,B
103728,A
103729,C
103730,B
103731,C
103732,C
103733,B
103734,C
103735,B
103736,D
103737,A
103738,D
103739,B
103740,D
103741,C
103742,D
103743,C
103744,C
103745,B
103746,A
103747,B
103748,C
103749,D
103750,C
103751,A
103752,D
103753,C
103754,A
103755,C
103756,B
103757,B
103758,C
103759,C
103760,A
103761,B
103762,A
103763,B
103764,A
103765,C
103766,A
103767,B
103768,B
103769,D
103770,B
103771,A
103772,A
103773,C
103774,C
103775,C
103776,D
103777,B
103778,C
103779,A
103780,C
103781,A
103782,A
103783,D
103784,A
103785,C
103786,D
103787,D
103788,A
103789,D
103790,C
103791,B
103792,C
103793,C
103794,A
103795,B
103796,D
103797,C
103798,A
103799,C
103800,C
103801,B
103802,C
103803,C
103804,C
103805,A
103806,B
103807,B
103808,C
103809,C
103810,D
103811,D
103812,D
103813,D
103814,B
103815,C
103816,C
103817,C
103818,D
103819,B
103820,D
103821,C
103822,A
103823,C
103824,B
103825,C
103826,D
103827,D
103828,A
103829,D
103830,A
103831,C
103832,B
103833,A
103834,D
103835,C
103836,B
103837,C
103838,A
103839,B
103840,B
103841,C
103842,B
103843,D
103844,D
103845,A
103846,B
103847,C
103848,B
103849,A
103850,D
103851,A
103852,C
103853,D
103854,A
103855,D
103856,C
103857,D
103858,D
103859,D
103860,A
103861,C
103862,C
103863,D
103864,B
103865,A
103866,C
103867,D
103868,D
103869,A
103870,C
103871,B
103872,C
103873,A
103874,D
103875,B
103876,D
103877,C
103878,A
103879,A
103880,A
103881,C
103882,D
103883,B
103884,C
103885,D
103886,B
103887,B
103888,A
103889,C
103890,A
103891,A
103892,D
103893,B
103894,A
103895,D
103896,C
103897,D
103898,D
103899,B
103900,B
103901,C
103902,C
103903,B
103904,C
103905,C
103906,A
103907,A
103908,D
103909,C
103910,B
103911,C
103912,B
103913,A
103914,D
103915,A
103916,D
103917,B
103918,B
103919,C
103920,D
103921,A
103922,A
103923,B
103924,C
103925,A
103926,B
103927,A
103928,A
103929,A
103930,C
103931,A
103932,C
103933,A
103934,A
103935,A
103936,D
103937,D
103938,C
103939,A
103940,A
103941,A
103942,D
103943,D
103944,D
103945,C
103946,A
103947,B
103948,B
103949,C
103950,C
103951,D
103952,C
103953,D
103954,C
103955,A
103956,C
103957,D
103958,B
103959,C
103960,B
103961,C
103962,D
103963,A
103964,A
103965,D
103966,A
103967,C
103968,D
103969,D
103970,D
103971,B
103972,B
103973,B
103974,D
103975,A
103976,A
103977,D
103978,D
103979,B
103980,D
103981,B
103982,B
103983,D
103984,D
103985,B
103986,D
103987,D
103988,B
103989,C
103990,A
103991,B
103992,A
103993,C
103994,B
103995,D
103996,A
103997,D
103998,A
103999,A
104000,D
104001,D
104002,D
104003,C
104004,C
104005,A
104006,C
104007,A
104008,C
104009,C
104010,C
104011,A
104012,C
104013,D
104014,C
104015,C
104016,C
104017,A
104018,A
104019,B
104020,B
104021,A
104022,A
104023,D
104024,B
104025,B
104026,D
104027,A
104028,B
104029,D
104030,B
104031,D
104032,D
104033,D
104034,C
104035,C
104036,C
104037,D
104038,B
104039,A
104040,C
104041,C
104042,B
104043,B
104044,D
104045,B
104046,D
104047,C
104048,B
104049,C
104050,C
104051,A
104052,B
104053,A
104054,D
104055,C
104056,B
104057,C
104058,B
104059,D
104060,C
104061,B
104062,B
104063,B
104064,C
104065,C
104066,C
104067,C
104068,D
104069,C
104070,D
104071,D
104072,A
104073,A
104074,C
104075,D
104076,C
104077,B
104078,D
104079,A
104080,D
104081,C
104082,D
104083,D
104084,B
104085,C
104086,A
104087,B
104088,A
104089,B
104090,B
104091,B
104092,C
104093,B
104094,A
104095,A
104096,A
104097,D
104098,B
104099,B
104100,C
104101,B
104102,D
104103,C
104104,D
104105,A
104106,A
104107,B
104108,D
104109,D
104110,A
104111,C
104112,D
104113,A
104114,D
104115,A
104116,C
104117,B
104118,C
104119,C
104120,B
104121,B
104122,D
104123,A
104124,B
104125,D
104126,C
104127,C
104128,B
104129,B
104130,A
104131,C
104132,B
104133,A
104134,B
104135,D
104136,C
104137,C
104138,C
104139,D
104140,C
104141,D
104142,C
104143,A
104144,C
104145,A
104146,B
104147,A
104148,D
104149,D
104150,D
104151,D
104152,A
104153,B
104154,A
104155,D
104156,B
104157,A
104158,B
104159,A
104160,D
104161,D
104162,D
104163,B
104164,A
104165,B
104166,D
104167,A
104168,A
104169,B
104170,C
104171,A
104172,C
104173,C
104174,A
104175,C
104176,A
104177,D
104178,C
104179,C
104180,B
104181,D
104182,D
104183,A
104184,B
104185,B
104186,D
104187,C
104188,D
104189,A
104190,B
104191,A
104192,C
104193,C
104194,A
104195,B
104196,A
104197,B
104198,C
104199,D
104200,A
104201,A
104202,A
104203,B
104204,B
104205,A
104206,B
104207,D
104208,A
104209,C
104210,B
104211,D
104212,B
104213,A
104214,A
104215,D
104216,B
104217,C
104218,C
104219,A
104220,C
104221,C
104222,D
104223,B
104224,A
104225,B
104226,B
104227,B
104228,D
104229,D
104230,B
104231,C
104232,A
104233,B
104234,D
104235,C
104236,A
104237,C
104238,B
104239,C
104240,D
104241,B
104242,C
104243,B
104244,B
104245,C
104246,C
104247,D
104248,A
104249,A
104250,D
104251,C
104252,A
104253,B
104254,A
104255,D
104256,C
104257,D
104258,D
104259,D
104260,B
104261,D
104262,B
104263,D
104264,D
104265,C
104266,C
104267,D
104268,D
104269,A
104270,D
104271,D
104272,C
104273,A
104274,D
104275,C
104276,A
104277,B
104278,C
104279,B
104280,C
104281,C
104282,C
104283,D
104284,C
104285,A
104286,A
104287,C
104288,A
104289,A
104290,B
104291,C
104292,A
104293,B
104294,C
104295,D
104296,D
104297,D
104298,D
104299,C
104300,A
104301,C
104302,B
104303,B
104304,B
104305,C
104306,B
104307,C
104308,B
104309,C
104310,C
104311,B
104312,C
104313,C
104314,B
104315,A
104316,C
104317,B
104318,D
104319,A
104320,B
104321,C
104322,B
104323,C
104324,D
104325,B
104326,A
104327,D
104328,C
104329,D
104330,A
104331,A
104332,C
104333,D
104334,A
104335,D
104336,B
104337,B
104338,B
104339,D
104340,C
104341,D
104342,A
104343,B
104344,B
104345,B
104346,D
104347,D
104348,B
104349,C
104350,A
104351,A
104352,C
104353,D
104354,A
104355,C
104356,D
104357,B
104358,D
104359,A
104360,D
104361,D
104362,A
104363,A
104364,B
104365,C
104366,C
104367,C
104368,A
104369,A
104370,C
104371,C
104372,D
104373,C
104374,B
104375,B
104376,A
104377,B
104378,D
104379,D
104380,D
104381,B
104382,A
104383,A
104384,B
104385,C
104386,D
104387,D
104388,B
104389,D
104390,B
104391,A
104392,C
104393,A
104394,C
104395,B
104396,C
104397,B
104398,A
104399,A
104400,D
104401,D
104402,D
104403,C
104404,B
104405,A
104406,D
104407,A
104408,B
104409,A
104410,A
104411,C
104412,D
104413,C
104414,C
104415,D
104416,B
104417,A
104418,A
104419,A
104420,A
104421,B
104422,B
104423,B
104424,B
104425,C
104426,C
104427,D
104428,C
104429,A
104430,A
104431,A
104432,A
104433,C
104434,A
104435,B
104436,A
104437,B
104438,A
104439,B
104440,B
104441,B
104442,A
104443,D
104444,B
104445,D
104446,B
104447,C
104448,D
104449,D
104450,A
104451,D
104452,C
104453,C
104454,B
104455,D
104456,D
104457,D
104458,C
104459,A
104460,D
104461,D
104462,C
104463,C
104464,D
104465,B
104466,A
104467,A
104468,B
104469,D
104470,B
104471,D
104472,C
104473,D
104474,C
104475,C
104476,C
104477,D
104478,C
104479,A
104480,D
104481,C
104482,A
104483,C
104484,B
104485,D
104486,C
104487,C
104488,B
104489,A
104490,D
104491,D
104492,B
104493,A
104494,B
104495,A
104496,C
104497,A
104498,B
104499,B
104500,D
104501,B
104502,B
104503,C
104504,C
104505,A
104506,D
104507,B
104508,D
104509,C
104510,D
104511,A
104512,C
104513,B
104514,B
104515,A
104516,C
104517,D
104518,B
104519,D
104520,A
104521,C
104522,D
104523,B
104524,B
104525,C
104526,D
104527,A
104528,A
104529,D
104530,C
104531,B
104532,B
104533,C
104534,C
104535,B
104536,D
104537,D
104538,A
104539,C
104540,B
104541,B
104542,A
104543,C
104544,D
104545,C
104546,D
104547,D
104548,C
104549,B
104550,B
104551,A
104552,C
104553,B
104554,A
104555,C
104556,B
104557,A
104558,D
104559,B
104560,D
104561,B
104562,A
104563,D
104564,B
104565,D
104566,A
104567,D
104568,A
104569,D
104570,D
104571,A
104572,D
104573,A
104574,D
104575,D
104576,A
104577,D
104578,A
104579,D
104580,C
104581,B
104582,A
104583,B
104584,D
104585,A
104586,C
104587,B
104588,B
104589,D
104590,C
104591,C
104592,A
104593,C
104594,C
104595,D
104596,C
104597,D
104598,C
104599,B
104600,C
104601,D
104602,B
104603,A
104604,D
104605,D
104606,D
104607,C
104608,D
104609,D
104610,A
104611,A
104612,B
104613,B
104614,B
104615,C
104616,C
104617,A
104618,D
104619,B
104620,B
104621,D
104622,B
104623,C
104624,A
104625,B
104626,D
104627,A
104628,B
104629,A
104630,C
104631,A
104632,D
104633,A
104634,A
104635,D
104636,C
104637,B
104638,C
104639,B
104640,D
104641,B
104642,A
104643,C
104644,B
104645,D
104646,C
104647,C
104648,C
104649,D
104650,D
104651,B
104652,C
104653,A
104654,D
104655,B
104656,A
104657,A
104658,B
104659,D
104660,D
104661,D
104662,D
104663,B
104664,D
104665,C
104666,A
104667,A
104668,C
104669,B
104670,C
104671,C
104672,C
104673,B
104674,B
104675,C
104676,B
104677,B
104678,C
104679,C
104680,D
104681,D
104682,A
104683,B
104684,D
104685,D
104686,A
104687,A
104688,D
104689,C
104690,D
104691,C
104692,B
104693,B
104694,A
104695,A
104696,D
104697,A
104698,A
104699,A
104700,B
104701,C
104702,C
104703,A
104704,A
104705,A
104706,B
104707,B
104708,B
104709,A
104710,C
104711,B
104712,D
104713,A
104714,B
104715,C
104716,A
104717,A
104718,D
104719,D
104720,A
104721,A
104722,A
104723,B
104724,C
104725,D
104726,C
104727,D
104728,D
104729,C
104730,B
104731,C
104732,C
104733,A
104734,A
104735,D
104736,D
104737,B
104738,C
104739,C
104740,B
104741,B
104742,B
104743,D
104744,B
104745,C
104746,B
104747,B
104748,A
104749,A
104750,D
104751,B
104752,A
104753,A
104754,D
104755,B
104756,B
104757,D
104758,A
104759,B
104760,C
104761,D
104762,B
104763,C
104764,B
104765,A
104766,B
104767,D
104768,C
104769,D
104770,B
104771,C
104772,D
104773,A
104774,A
104775,A
104776,A
104777,A
104778,A
104779,D
104780,A
104781,A
104782,C
104783,A
104784,B
104785,A
104786,D
104787,D
104788,A
104789,A
104790,A
104791,D
104792,B
104793,B
104794,C
104795,A
104796,A
104797,B
104798,D
104799,B
104800,A
104801,A
104802,B
104803,B
104804,D
104805,B
104806,A
104807,C
104808,D
104809,B
104810,A
104811,B
104812,D
104813,D
104814,B
104815,C
104816,A
104817,C
104818,A
104819,B
104820,A
104821,C
104822,D
104823,D
104824,C
104825,B
104826,A
104827,C
104828,A
104829,D
104830,B
104831,D
104832,D
104833,B
104834,B
104835,D
104836,D
104837,B
104838,C
104839,D
104840,B
104841,C
104842,A
104843,A
104844,C
104845,C
104846,A
104847,D
104848,B
104849,A
104850,C
104851,A
104852,A
104853,C
104854,C
104855,A
104856,C
104857,D
104858,B
104859,B
104860,A
104861,A
104862,A
104863,C
104864,C
104865,B
104866,B
104867,D
104868,B
104869,A
104870,A
104871,A
104872,C
104873,A
104874,C
104875,C
104876,B
104877,A
104878,A
104879,A
104880,C
104881,C
104882,B
104883,A
104884,C
104885,A
104886,B
104887,D
104888,C
104889,A
104890,C
104891,D
104892,A
104893,B
104894,C
104895,B
104896,D
104897,C
104898,A
104899,A
104900,D
104901,A
104902,C
104903,A
104904,B
104905,C
104906,D
104907,A
104908,D
104909,A
104910,A
104911,C
104912,A
104913,D
104914,C
104915,B
104916,B
104917,A
104918,C
104919,B
104920,D
104921,C
104922,D
104923,A
104924,C
104925,C
104926,A
104927,D
104928,B
104929,C
104930,C
104931,C
104932,A
104933,B
104934,A
104935,D
104936,B
104937,B
104938,B
104939,A
104940,A
104941,D
104942,B
104943,D
104944,A
104945,C
104946,C
104947,D
104948,D
104949,C
104950,A
104951,B
104952,B
104953,D
104954,C
104955,A
104956,D
104957,B
104958,C
104959,B
104960,B
104961,D
104962,B
104963,C
104964,C
104965,B
104966,C
104967,D
104968,C
104969,D
104970,C
104971,A
104972,D
104973,D
104974,B
104975,A
104976,D
104977,C
104978,B
104979,C
104980,A
104981,D
104982,D
104983,B
104984,C
104985,D
104986,D
104987,A
104988,D
104989,A
104990,B
104991,A
104992,A
104993,D
104994,A
104995,A
104996,A
104997,A
104998,D
104999,C
105000,A
105001,D
105002,C
105003,B
105004,D
105005,B
105006,B
105007,D
105008,C
105009,A
105010,D
105011,C
105012,C
105013,A
105014,C
105015,C
105016,A
105017,C
105018,D
105019,A
105020,C
105021,D
105022,D
105023,B
105024,B
105025,A
105026,B
105027,C
105028,A
105029,B
105030,D
105031,B
105032,C
105033,D
105034,C
105035,D
105036,C
105037,A
105038,D
105039,B
105040,B
105041,B
105042,C
105043,A
105044,B
105045,B
105046,C
105047,C
105048,B
105049,A
105050,B
105051,C
105052,D
105053,C
105054,A
105055,D
105056,D
105057,B
105058,D
105059,D
105060,B
105061,B
105062,D
105063,B
105064,A
105065,D
105066,D
105067,D
105068,B
105069,C
105070,B
105071,B
105072,C
105073,D
105074,B
105075,C
105076,D
105077,C
105078,B
105079,A
105080,A
105081,C
105082,C
105083,C
105084,D
105085,D
105086,B
105087,B
105088,C
105089,B
105090,D
105091,D
105092,C
105093,C
105094,D
105095,D
105096,A
105097,A
105098,D
105099,B
105100,B
105101,C
105102,A
105103,C
105104,B
105105,B
105106,C
105107,D
105108,B
105109,C
105110,A
105111,A
105112,D
105113,C
105114,A
105115,C
105116,B
105117,A
105118,D
105119,B
105120,B
105121,A
105122,D
105123,D
105124,B
105125,C
105126,D
105127,C
105128,A
105129,A
105130,A
105131,D
105132,C
105133,C
105134,A
105135,C
105136,C
105137,C
105138,D
105139,B
105140,C
105141,A
105142,A
105143,D
105144,B
105145,D
105146,B
105147,D
105148,C
105149,B
105150,A
105151,C
105152,B
105153,A
105154,D
105155,C
105156,A
105157,B
105158,B
105159,A
105160,B
105161,D
105162,D
105163,B
105164,B
105165,B
105166,C
105167,D
105168,C
105169,A
105170,C
105171,B
105172,A
105173,A
105174,A
105175,B
105176,B
105177,C
105178,C
105179,C
105180,C
105181,A
105182,A
105183,D
105184,C
105185,B
105186,C
105187,A
105188,A
105189,A
105190,A
105191,A
105192,D
105193,B
105194,C
105195,A
105196,B
105197,B
105198,C
105199,C
105200,B
105201,A
105202,A
105203,B
105204,A
105205,A
105206,A
105207,A
105208,C
105209,A
105210,C
105211,B
105212,B
105213,A
105214,C
105215,C
105216,B
105217,A
105218,C
105219,A
105220,D
105221,A
105222,A
105223,B
105224,D
105225,A
105226,B
105227,C
105228,D
105229,A
105230,B
105231,B
105232,D
105233,D
105234,C
105235,C
105236,C
105237,D
105238,C
105239,C
105240,B
105241,C
105242,A
105243,B
105244,D
105245,D
105246,B
105247,C
105248,D
105249,D
105250,B
105251,B
105252,D
105253,A
105254,C
105255,A
105256,B
105257,D
105258,C
105259,D
105260,A
105261,B
105262,B
105263,D
105264,A
105265,A
105266,A
105267,A
105268,A
105269,D
105270,A
105271,D
105272,B
105273,C
105274,B
105275,D
105276,B
105277,C
105278,B
105279,A
105280,B
105281,D
105282,B
105283,B
105284,D
105285,A
105286,A
105287,B
105288,C
105289,C
105290,B
105291,D
105292,C
105293,C
105294,D
105295,B
105296,B
105297,C
105298,A
105299,C
105300,C
105301,C
105302,B
105303,C
105304,D
105305,D
105306,D
105307,A
105308,A
105309,A
105310,D
105311,C
105312,D
105313,B
105314,A
105315,C
105316,A
105317,B
105318,B
105319,D
105320,B
105321,A
105322,C
105323,B
105324,D
105325,C
105326,D
105327,B
105328,B
105329,B
105330,B
105331,B
105332,D
105333,D
105334,D
105335,B
105336,B
105337,D
105338,D
105339,B
105340,A
105341,B
105342,D
105343,B
105344,B
105345,C
105346,D
105347,C
105348,D
105349,C
105350,B
105351,A
105352,B
105353,A
105354,B
105355,C
105356,B
105357,D
105358,A
105359,C
105360,D
105361,A
105362,D
105363,B
105364,A
105365,B
105366,C
105367,D
105368,A
105369,D
105370,B
105371,C
105372,B
105373,A
105374,B
105375,C
105376,D
105377,C
105378,D
105379,C
105380,A
105381,D
105382,B
105383,C
105384,A
105385,D
105386,A
105387,A
105388,B
105389,A
105390,B
105391,D
105392,D
105393,D
105394,C
105395,C
105396,C
105397,C
105398,C
105399,D
105400,C
105401,A
105402,B
105403,A
105404,A
105405,A
105406,D
105407,B
105408,A
105409,C
105410,D
105411,D
105412,C
105413,D
105414,D
105415,D
105416,C
105417,C
105418,C
105419,A
105420,C
105421,A
105422,D
105423,C
105424,D
105425,C
105426,C
105427,B
105428,D
105429,C
105430,C
105431,A
105432,D
105433,B
105434,C
105435,D
105436,D
105437,D
105438,B
105439,B
105440,D
105441,D
105442,A
105443,B
105444,B
105445,B
105446,A
105447,C
105448,A
105449,A
105450,A
105451,D
105452,C
105453,C
105454,A
105455,D
105456,B
105457,C
105458,C
105459,A
105460,D
105461,A
105462,C
105463,B
105464,D
105465,A
105466,A
105467,B
105468,D
105469,B
105470,D
105471,B
105472,B
105473,D
105474,A
105475,D
105476,B
105477,A
105478,B
105479,A
105480,D
105481,A
105482,C
105483,B
105484,C
105485,B
105486,A
105487,C
105488,B
105489,D
105490,A
105491,A
105492,C
105493,A
105494,A
105495,C
105496,D
105497,A
105498,B
105499,B
105500,B
105501,B
105502,A
105503,B
105504,A
105505,C
105506,B
105507,B
105508,D
105509,B
105510,B
105511,D
105512,B
105513,A
105514,A
105515,C
105516,B
105517,D
105518,D
105519,B
105520,A
105521,A
105522,C
105523,A
105524,C
105525,D
105526,D
105527,D
105528,D
105529,D
105530,D
105531,C
105532,A
105533,A
105534,A
105535,D
105536,D
105537,B
105538,A
105539,D
105540,B
105541,B
105542,B
105543,D
105544,C
105545,B
105546,B
105547,D
105548,D
105549,D
105550,B
105551,B
105552,C
105553,B
105554,A
105555,B
105556,A
105557,A
105558,B
105559,D
105560,C
105561,B
105562,D
105563,A
105564,C
105565,D
105566,D
105567,D
105568,D
105569,D
105570,D
105571,C
105572,A
105573,D
105574,C
105575,C
105576,B
105577,C
105578,D
105579,C
105580,D
105581,A
105582,A
105583,A
105584,D
105585,D
105586,B
105587,B
105588,C
105589,C
105590,C
105591,B
105592,B
105593,C
105594,C
105595,C
105596,C
105597,C
105598,A
105599,D
105600,A
105601,B
105602,C
105603,A
105604,C
105605,B
105606,D
105607,A
105608,D
105609,B
105610,A
105611,A
105612,A
105613,B
105614,C
105615,C
105616,D
105617,C
105618,A
105619,C
105620,D
105621,D
105622,A
105623,B
105624,D
105625,D
105626,B
105627,C
105628,D
105629,C
105630,B
105631,B
105632,D
105633,C
105634,D
105635,D
105636,B
105637,D
105638,C
105639,A
105640,C
105641,A
105642,A
105643,C
105644,C
105645,C
105646,C
105647,B
105648,B
105649,A
105650,A
105651,A
105652,A
105653,A
105654,B
105655,B
105656,B
105657,C
105658,C
105659,C
105660,C
105661,A
105662,B
105663,A
105664,D
105665,C
105666,D
105667,D
105668,C
105669,A
105670,C
105671,C
105672,D
105673,C
105674,A
105675,B
105676,C
105677,D
105678,A
105679,C
105680,C
105681,D
105682,C
105683,A
105684,C
105685,B
105686,C
105687,B
105688,D
105689,B
105690,B
105691,A
105692,A
105693,A
105694,A
105695,A
105696,C
105697,D
105698,A
105699,D
105700,A
105701,B
105702,C
105703,A
105704,D
105705,D
105706,C
105707,D
105708,D
105709,A
105710,D
105711,D
105712,C
105713,C
105714,D
105715,B
105716,C
105717,C
105718,D
105719,C
105720,A
105721,C
105722,C
105723,C
105724,A
105725,C
105726,D
105727,D
105728,D
105729,C
105730,C
105731,D
105732,B
105733,B
105734,D
105735,A
105736,B
105737,D
105738,B
105739,B
105740,A
105741,A
105742,D
105743,C
105744,D
105745,A
105746,C
105747,D
105748,C
105749,B
105750,D
105751,B
105752,B
105753,B
105754,C
105755,B
105756,A
105757,C
105758,A
105759,C
105760,B
105761,C
105762,D
105763,C
105764,A
105765,B
105766,D
105767,B
105768,A
105769,B
105770,C
105771,C
105772,D
105773,D
105774,C
105775,A
105776,A
105777,D
105778,C
105779,A
105780,C
105781,B
105782,B
105783,D
105784,A
105785,C
105786,A
105787,B
105788,A
105789,A
105790,A
105791,D
105792,D
105793,C
105794,B
105795,B
105796,A
105797,A
105798,A
105799,C
105800,B
105801,A
105802,B
105803,A
105804,B
105805,B
105806,D
105807,C
105808,D
105809,A
105810,C
105811,D
105812,A
105813,C
105814,B
105815,A
105816,D
105817,A
105818,C
105819,B
105820,C
105821,B
105822,D
105823,C
105824,B
105825,C
105826,C
105827,B
105828,B
105829,C
105830,A
105831,C
105832,C
105833,B
105834,B
105835,A
105836,B
105837,C
105838,A
105839,D
105840,D
105841,D
105842,A
105843,A
105844,A
105845,D
105846,C
105847,C
105848,D
105849,B
105850,A
105851,C
105852,D
105853,A
105854,C
105855,D
105856,B
105857,B
105858,A
105859,D
105860,B
105861,C
105862,B
105863,D
105864,D
105865,A
105866,C
105867,C
105868,A
105869,C
105870,C
105871,C
105872,B
105873,B
105874,D
105875,D
105876,D
105877,B
105878,C
105879,A
105880,C
105881,B
105882,B
105883,A
105884,B
105885,A
105886,D
105887,D
105888,C
105889,D
105890,A
105891,A
105892,C
105893,C
105894,B
105895,C
105896,D
105897,B
105898,C
105899,D
105900,D
105901,B
105902,D
105903,B
105904,A
105905,C
105906,C
105907,A
105908,A
105909,D
105910,A
105911,C
105912,D
105913,A
105914,B
105915,A
105916,B
105917,D
105918,A
105919,B
105920,A
105921,D
105922,B
105923,A
105924,B
105925,A
105926,B
105927,B
105928,A
105929,C
105930,D
105931,D
105932,B
105933,A
105934,A
105935,C
105936,D
105937,D
105938,A
105939,B
105940,B
105941,D
105942,B
105943,D
105944,B
105945,D
105946,B
105947,C
105948,B
105949,D
105950,A
105951,A
105952,D
105953,D
105954,D
105955,C
105956,C
105957,A
105958,D
105959,C
105960,C
105961,B
105962,D
105963,A
105964,A
105965,B
105966,D
105967,A
105968,C
105969,C
105970,A
105971,D
105972,C
105973,C
105974,A
105975,B
105976,D
105977,C
105978,C
105979,B
105980,D
105981,A
105982,C
105983,D
105984,A
105985,C
105986,D
105987,B
105988,B
105989,C
105990,A
105991,C
105992,B
105993,B
105994,D
105995,B
105996,D
105997,C
105998,A
105999,B
106000,D
106001,D
106002,C
106003,C
106004,D
106005,B
106006,B
106007,D
106008,A
106009,C
106010,A
106011,B
106012,C
106013,A
106014,D
106015,A
106016,A
106017,D
106018,B
106019,C
106020,D
106021,C
106022,A
106023,A
106024,C
106025,A
106026,A
106027,D
106028,B
106029,C
106030,D
106031,D
106032,C
106033,D
106034,D
106035,D
106036,C
106037,B
106038,C
106039,A
106040,A
106041,A
106042,C
106043,C
106044,B
106045,A
106046,B
106047,B
106048,B
106049,D
106050,B
106051,C
106052,A
106053,A
106054,B
106055,D
106056,D
106057,A
106058,D
106059,C
106060,A
106061,D
106062,C
106063,A
106064,B
106065,A
106066,D
106067,D
106068,D
106069,C
106070,D
106071,C
106072,C
106073,A
106074,C
106075,B
106076,B
106077,C
106078,C
106079,A
106080,A
106081,A
106082,A
106083,A
106084,B
106085,D
106086,D
106087,C
106088,A
106089,A
106090,B
106091,D
106092,D
106093,C
106094,D
106095,B
106096,D
106097,D
106098,B
106099,B
106100,D
106101,B
106102,A
106103,B
106104,C
106105,D
106106,C
106107,A
106108,B
106109,C
106110,A
106111,D
106112,D
106113,A
106114,C
106115,A
106116,A
106117,B
106118,C
106119,C
106120,B
106121,A
106122,D
106123,B
106124,D
106125,C
106126,A
106127,B
106128,B
106129,D
106130,D
106131,C
106132,C
106133,D
106134,A
106135,D
106136,D
106137,D
106138,B
106139,B
106140,D
106141,A
106142,B
106143,D
106144,A
106145,D
106146,C
106147,B
106148,D
106149,A
106150,B
106151,B
106152,B
106153,C
106154,A
106155,D
106156,B
106157,C
106158,D
106159,B
106160,B
106161,D
106162,B
106163,B
106164,B
106165,A
106166,B
106167,B
106168,D
106169,B
106170,A
106171,C
106172,B
106173,D
106174,D
106175,D
106176,D
106177,D
106178,C
106179,D
106180,B
106181,B
106182,B
106183,C
106184,A
106185,C
106186,C
106187,C
106188,A
106189,B
106190,A
106191,C
106192,C
106193,A
106194,C
106195,C
106196,D
106197,B
106198,A
106199,C
106200,C
106201,B
106202,A
106203,A
106204,A
106205,C
106206,B
106207,B
106208,D
106209,D
106210,B
106211,C
106212,A
106213,A
106214,B
106215,D
106216,D
106217,D
106218,B
106219,B
106220,B
106221,A
106222,D
106223,C
106224,C
106225,D
106226,D
106227,D
106228,C
106229,B
106230,B
106231,B
106232,A
106233,A
106234,D
106235,A
106236,B
106237,C
106238,A
106239,B
106240,B
106241,C
106242,D
106243,D
106244,D
106245,D
106246,C
106247,B
106248,C
106249,C
106250,C
106251,B
106252,B
106253,D
106254,C
106255,B
106256,D
106257,B
106258,C
106259,D
106260,C
106261,C
106262,C
106263,D
106264,C
106265,C
106266,D
106267,A
106268,A
106269,C
106270,C
106271,C
106272,C
106273,D
106274,B
106275,C
106276,A
106277,B
106278,D
106279,D
106280,A
106281,C
106282,D
106283,C
106284,D
106285,B
106286,B
106287,C
106288,B
106289,D
106290,C
106291,B
106292,A
106293,A
106294,A
106295,C
106296,B
106297,D
106298,C
106299,B
106300,B
106301,B
106302,B
106303,A
106304,B
106305,D
106306,D
106307,A
106308,A
106309,D
106310,A
106311,C
106312,B
106313,B
106314,C
106315,A
106316,A
106317,D
106318,D
106319,B
106320,B
106321,C
106322,C
106323,D
106324,B
106325,C
106326,B
106327,D
106328,A
106329,C
106330,B
106331,C
106332,D
106333,B
106334,D
106335,B
106336,C
106337,C
106338,A
106339,D
106340,A
106341,B
106342,B
106343,D
106344,A
106345,B
106346,B
106347,A
106348,A
106349,A
106350,D
106351,C
106352,B
106353,B
106354,B
106355,A
106356,A
106357,B
106358,C
106359,B
106360,D
106361,D
106362,D
106363,C
106364,B
106365,D
106366,A
106367,A
106368,A
106369,D
106370,D
106371,C
106372,C
106373,C
106374,C
106375,B
106376,D
106377,C
106378,C
106379,D
106380,A
106381,D
106382,B
106383,C
106384,B
106385,A
106386,B
106387,C
106388,A
106389,C
106390,B
106391,D
106392,A
106393,C
106394,A
106395,A
106396,B
106397,B
106398,C
106399,B
106400,D
106401,D
106402,B
106403,A
106404,C
106405,A
106406,C
106407,C
106408,A
106409,D
106410,B
106411,D
106412,D
106413,C
106414,A
106415,A
106416,B
106417,A
106418,B
106419,B
106420,C
106421,C
106422,D
106423,B
106424,C
106425,D
106426,A
106427,A
106428,C
106429,B
106430,D
106431,D
106432,D
106433,D
106434,A
106435,A
106436,C
106437,C
106438,B
106439,B
106440,C
106441,C
106442,B
106443,B
106444,A
106445,D
106446,B
106447,A
106448,B
106449,A
106450,B
106451,A
106452,C
106453,A
106454,A
106455,C
106456,D
106457,C
106458,D
106459,C
106460,D
106461,A
106462,A
106463,D
106464,B
106465,A
106466,B
106467,D
106468,B
106469,C
106470,D
106471,C
106472,A
106473,A
106474,A
106475,C
106476,C
106477,A
106478,A
106479,D
106480,B
106481,A
106482,A
106483,D
106484,D
106485,D
106486,B
106487,B
106488,A
106489,A
106490,C
106491,A
106492,D
106493,B
106494,C
106495,C
106496,D
106497,A
106498,A
106499,A
106500,C
106501,A
106502,A
106503,B
106504,B
106505,A
106506,A
106507,D
106508,D
106509,A
106510,C
106511,C
106512,A
106513,A
106514,B
106515,A
106516,D
106517,D
106518,A
106519,A
106520,D
106521,A
106522,D
106523,C
106524,C
106525,B
106526,B
106527,A
106528,D
106529,D
106530,D
106531,C
106532,A
106533,D
106534,A
106535,A
106536,C
106537,C
106538,D
106539,B
106540,C
106541,A
106542,C
106543,B
106544,C
106545,A
106546,C
106547,A
106548,A
106549,A
106550,B
106551,A
106552,B
106553,B
106554,D
106555,B
106556,B
106557,A
106558,B
106559,D
106560,C
106561,C
106562,B
106563,C
106564,B
106565,C
106566,C
106567,B
106568,C
106569,A
106570,B
106571,D
106572,D
106573,D
106574,A
106575,D
106576,A
106577,A
106578,A
106579,A
106580,C
106581,D
106582,D
106583,A
106584,D
106585,B
106586,D
106587,D
106588,C
106589,D
106590,B
106591,D
106592,C
106593,A
106594,C
106595,C
106596,C
106597,B
106598,C
106599,C
106600,B
106601,C
106602,D
106603,B
106604,A
106605,B
106606,A
106607,B
106608,C
106609,C
106610,D
106611,B
106612,A
106613,B
106614,A
106615,D
106616,A
106617,A
106618,A
106619,A
106620,C
106621,C
106622,A
106623,B
106624,C
106625,C
106626,B
106627,A
106628,C
106629,A
106630,D
106631,A
106632,C
106633,D
106634,A
106635,D
106636,A
106637,C
106638,D
106639,B
106640,D
106641,B
106642,A
106643,B
106644,D
106645,C
106646,B
106647,B
106648,D
106649,B
106650,A
106651,C
106652,B
106653,B
106654,A
106655,B
106656,D
106657,C
106658,B
106659,B
106660,A
106661,D
106662,C
106663,B
106664,D
106665,B
106666,D
106667,A
106668,A
106669,A
106670,A
106671,A
106672,B
106673,B
106674,C
106675,B
106676,B
106677,D
106678,A
106679,B
106680,D
106681,D
106682,A
106683,D
106684,A
106685,C
106686,B
106687,B
106688,B
106689,D
106690,B
106691,B
106692,A
106693,B
106694,A
106695,D
106696,A
106697,B
106698,A
106699,A
106700,C
106701,A
106702,C
106703,D
106704,A
106705,C
106706,A
106707,B
106708,C
106709,B
106710,D
106711,D
106712,B
106713,D
106714,D
106715,B
106716,C
106717,B
106718,D
106719,C
106720,D
106721,A
106722,B
106723,A
106724,D
106725,C
106726,A
106727,B
106728,B
106729,B
106730,C
106731,D
106732,A
106733,D
106734,C
106735,C
106736,A
106737,C
106738,D
106739,C
106740,B
106741,B
106742,A
106743,C
106744,C
106745,B
106746,C
106747,A
106748,D
106749,D
106750,C
106751,B
106752,C
106753,C
106754,D
106755,B
106756,C
106757,A
106758,A
106759,D
106760,C
106761,D
106762,A
106763,D
106764,C
106765,A
106766,C
106767,D
106768,B
106769,C
106770,B
106771,D
106772,B
106773,A
106774,C
106775,A
106776,A
106777,A
106778,D
106779,A
106780,D
106781,A
106782,B
106783,D
106784,C
106785,A
106786,B
106787,A
106788,C
106789,C
106790,B
106791,A
106792,D
106793,C
106794,B
106795,C
106796,D
106797,A
106798,B
106799,D
106800,B
106801,B
106802,D
106803,A
106804,C
106805,B
106806,A
106807,B
106808,A
106809,B
106810,B
106811,D
106812,B
106813,A
106814,A
106815,A
106816,D
106817,A
106818,D
106819,B
106820,C
106821,B
106822,C
106823,D
106824,D
106825,D
106826,C
106827,D
106828,D
106829,A
106830,D
106831,D
106832,B
106833,A
106834,C
106835,C
106836,B
106837,A
106838,C
106839,C
106840,C
106841,C
106842,B
106843,B
106844,D
106845,A
106846,D
106847,A
106848,A
106849,B
106850,B
106851,B
106852,C
106853,A
106854,B
106855,A
106856,C
106857,A
106858,A
106859,B
106860,A
106861,C
106862,D
106863,C
106864,C
106865,D
106866,A
106867,D
106868,D
106869,C
106870,B
106871,D
106872,D
106873,D
106874,A
106875,A
106876,A
106877,A
106878,D
106879,B
106880,C
106881,D
106882,D
106883,B
106884,D
106885,A
106886,D
106887,D
106888,D
106889,D
106890,C
106891,C
106892,D
106893,D
106894,C
106895,A
106896,B
106897,A
106898,A
106899,D
106900,A
106901,D
106902,A
106903,A
106904,D
106905,A
106906,A
106907,C
106908,A
106909,D
106910,D
106911,A
106912,A
106913,A
106914,B
106915,A
106916,D
106917,B
106918,B
106919,C
106920,C
106921,B
106922,D
106923,B
106924,B
106925,B
106926,D
106927,B
106928,A
106929,A
106930,A
106931,A
106932,A
106933,D
106934,D
106935,A
106936,C
106937,C
106938,A
106939,C
106940,A
106941,D
106942,A
106943,A
106944,C
106945,C
106946,D
106947,C
106948,D
106949,D
106950,B
106951,A
106952,C
106953,D
106954,D
106955,B
106956,C
106957,B
106958,C
106959,D
106960,D
106961,D
106962,B
106963,D
106964,B
106965,A
106966,D
106967,C
106968,A
106969,D
106970,A
106971,B
106972,B
106973,C
106974,D
106975,C
106976,D
106977,C
106978,C
106979,B
106980,A
106981,B
106982,A
106983,C
106984,A
106985,D
106986,D
106987,B
106988,A
106989,B
106990,D
106991,D
106992,A
106993,C
106994,D
106995,A
106996,A
106997,B
106998,B
106999,B
107000,D
107001,A
107002,B
107003,A
107004,A
107005,A
107006,D
107007,A
107008,D
107009,B
107010,C
107011,C
107012,A
107013,D
107014,D
107015,A
107016,A
107017,C
107018,A
107019,B
107020,D
107021,D
107022,D
107023,D
107024,C
107025,B
107026,A
107027,B
107028,D
107029,D
107030,A
107031,C
107032,D
107033,B
107034,D
107035,B
107036,B
107037,C
107038,B
107039,B
107040,C
107041,D
107042,D
107043,A
107044,C
107045,C
107046,B
107047,B
107048,D
107049,B
107050,A
107051,B
107052,B
107053,A
107054,A
107055,C
107056,D
107057,B
107058,B
107059,D
107060,A
107061,A
107062,C
107063,D
107064,C
107065,C
107066,C
107067,D
107068,D
107069,C
107070,B
107071,B
107072,D
107073,D
107074,C
107075,B
107076,B
107077,C
107078,B
107079,D
107080,A
107081,A
107082,C
107083,B
107084,A
107085,C
107086,D
107087,B
107088,B
107089,D
107090,B
107091,B
107092,C
107093,C
107094,B
107095,A
107096,C
107097,C
107098,A
107099,D
107100,B
107101,A
107102,B
107103,A
107104,C
107105,B
107106,A
107107,B
107108,A
107109,D
107110,B
107111,B
107112,A
107113,B
107114,C
107115,A
107116,A
107117,B
107118,A
107119,D
107120,C
107121,A
107122,D
107123,A
107124,D
107125,C
107126,B
107127,D
107128,B
107129,A
107130,A
107131,C
107132,B
107133,A
107134,D
107135,D
107136,C
107137,A
107138,C
107139,D
107140,A
107141,B
107142,A
107143,B
107144,A
107145,A
107146,B
107147,C
107148,B
107149,C
107150,D
107151,A
107152,D
107153,A
107154,C
107155,C
107156,A
107157,D
107158,D
107159,A
107160,D
107161,B
107162,B
107163,D
107164,B
107165,D
107166,D
107167,C
107168,B
107169,C
107170,D
107171,C
107172,A
107173,A
107174,D
107175,C
107176,B
107177,A
107178,D
107179,A
107180,B
107181,C
107182,D
107183,C
107184,D
107185,A
107186,B
107187,B
107188,B
107189,A
107190,D
107191,A
107192,C
107193,D
107194,B
107195,B
107196,B
107197,B
107198,C
107199,A
107200,D
107201,C
107202,A
107203,B
107204,C
107205,A
107206,A
107207,B
107208,B
107209,B
107210,C
107211,D
107212,B
107213,C
107214,D
107215,A
107216,A
107217,C
107218,B
107219,B
107220,C
107221,D
107222,D
107223,C
107224,D
107225,D
107226,B
107227,C
107228,D
107229,D
107230,A
107231,B
107232,D
107233,D
107234,D
107235,C
107236,A
107237,A
107238,D
107239,C
107240,C
107241,D
107242,B
107243,A
107244,B
107245,C
107246,D
107247,C
107248,A
107249,D
107250,D
107251,A
107252,A
107253,D
107254,C
107255,C
107256,C
107257,A
107258,D
107259,D
107260,B
107261,B
107262,D
107263,D
107264,A
107265,B
107266,D
107267,D
107268,A
107269,A
107270,A
107271,B
107272,B
107273,A
107274,B
107275,C
107276,B
107277,A
107278,D
107279,D
107280,D
107281,B
107282,A
107283,A
107284,A
107285,C
107286,D
107287,C
107288,D
107289,A
107290,D
107291,A
107292,C
107293,A
107294,A
107295,A
107296,B
107297,C
107298,D
107299,A
107300,C
107301,A
107302,B
107303,C
107304,C
107305,D
107306,C
107307,A
107308,C
107309,B
107310,D
107311,D
107312,C
107313,D
107314,C
107315,B
107316,A
107317,B
107318,B
107319,D
107320,A
107321,D
107322,C
107323,D
107324,C
107325,C
107326,C
107327,C
107328,A
107329,C
107330,B
107331,B
107332,D
107333,C
107334,A
107335,D
107336,C
107337,D
107338,B
107339,B
107340,A
107341,A
107342,B
107343,C
107344,C
107345,C
107346,A
107347,D
107348,C
107349,D
107350,D
107351,A
107352,C
107353,A
107354,B
107355,B
107356,D
107357,A
107358,D
107359,C
107360,A
107361,A
107362,C
107363,B
107364,A
107365,D
107366,C
107367,C
107368,A
107369,D
107370,B
107371,B
107372,B
107373,C
107374,C
107375,A
107376,A
107377,D
107378,A
107379,D
107380,A
107381,D
107382,A
107383,B
107384,D
107385,B
107386,A
107387,B
107388,A
107389,C
107390,D
107391,C
107392,D
107393,C
107394,D
107395,B
107396,C
107397,D
107398,C
107399,B
107400,D
107401,B
107402,B
107403,A
107404,A
107405,D
107406,D
107407,A
107408,C
107409,A
107410,A
107411,B
107412,D
107413,A
107414,A
107415,C
107416,A
107417,A
107418,A
107419,C
107420,D
107421,C
107422,D
107423,B
107424,C
107425,D
107426,C
107427,C
107428,C
107429,C
107430,A
107431,A
107432,D
107433,D
107434,C
107435,D
107436,D
107437,C
107438,D
107439,B
107440,A
107441,A
107442,B
107443,D
107444,D
107445,C
107446,C
107447,A
107448,C
107449,B
107450,D
107451,D
107452,B
107453,D
107454,A
107455,A
107456,C
107457,A
107458,C
107459,D
107460,C
107461,D
107462,A
107463,B
107464,D
107465,C
107466,B
107467,B
107468,A
107469,A
107470,A
107471,D
107472,C
107473,B
107474,A
107475,A
107476,A
107477,D
107478,A
107479,A
107480,A
107481,A
107482,B
107483,A
107484,D
107485,B
107486,C
107487,A
107488,A
107489,B
107490,C
107491,C
107492,A
107493,A
107494,C
107495,D
107496,C
107497,D
107498,D
107499,D
107500,D
107501,B
107502,A
107503,D
107504,D
107505,C
107506,C
107507,A
107508,B
107509,D
107510,B
107511,A
107512,A
107513,B
107514,D
107515,B
107516,C
107517,A
107518,B
107519,C
107520,A
107521,B
107522,C
107523,B
107524,D
107525,C
107526,A
107527,D
107528,A
107529,A
107530,B
107531,C
107532,A
107533,B
107534,D
107535,C
107536,C
107537,A
107538,A
107539,C
107540,D
107541,A
107542,C
107543,C
107544,D
107545,A
107546,D
107547,C
107548,B
107549,B
107550,B
107551,B
107552,B
107553,B
107554,A
107555,B
107556,A
107557,D
107558,C
107559,B
107560,A
107561,A
107562,D
107563,A
107564,D
107565,D
107566,D
107567,A
107568,D
107569,A
107570,D
107571,A
107572,D
107573,A
107574,B
107575,D
107576,C
107577,B
107578,A
107579,A
107580,A
107581,B
107582,A
107583,C
107584,A
107585,A
107586,C
107587,B
107588,B
107589,B
107590,A
107591,A
107592,A
107593,D
107594,A
107595,B
107596,B
107597,C
107598,B
107599,D
107600,A
107601,C
107602,C
107603,A
107604,B
107605,B
107606,A
107607,C
107608,D
107609,D
107610,B
107611,D
107612,D
107613,D
107614,D
107615,D
107616,A
107617,D
107618,A
107619,D
107620,A
107621,A
107622,D
107623,A
107624,A
107625,B
107626,C
107627,C
107628,D
107629,B
107630,D
107631,A
107632,D
107633,D
107634,B
107635,C
107636,B
107637,A
107638,D
107639,B
107640,D
107641,B
107642,B
107643,A
107644,C
107645,C
107646,A
107647,A
107648,C
107649,A
107650,B
107651,B
107652,C
107653,D
107654,D
107655,C
107656,C
107657,D
107658,B
107659,A
107660,C
107661,C
107662,D
107663,B
107664,D
107665,D
107666,A
107667,D
107668,A
107669,A
107670,C
107671,C
107672,B
107673,D
107674,C
107675,C
107676,B
107677,C
107678,B
107679,C
107680,C
107681,A
107682,D
107683,D
107684,B
107685,A
107686,D
107687,A
107688,A
107689,D
107690,D
107691,C
107692,D
107693,D
107694,C
107695,B
107696,D
107697,A
107698,D
107699,A
107700,A
107701,D
107702,C
107703,D
107704,B
107705,D
107706,B
107707,C
107708,A
107709,A
107710,B
107711,A
107712,C
107713,D
107714,D
107715,B
107716,C
107717,A
107718,C
107719,C
107720,D
107721,C
107722,A
107723,A
107724,B
107725,C
107726,D
107727,A
107728,C
107729,D
107730,C
107731,D
107732,D
107733,B
107734,B
107735,B
107736,C
107737,C
107738,C
107739,B
107740,B
107741,A
107742,C
107743,D
107744,C
107745,C
107746,D
107747,B
107748,D
107749,A
107750,C
107751,D
107752,D
107753,C
107754,D
107755,A
107756,C
107757,B
107758,B
107759,A
107760,D
107761,D
107762,C
107763,A
107764,C
107765,C
107766,C
107767,A
107768,C
107769,D
107770,D
107771,A
107772,B
107773,D
107774,C
107775,C
107776,D
107777,D
107778,A
107779,C
107780,B
107781,D
107782,D
107783,B
107784,B
107785,B
107786,C
107787,C
107788,B
107789,B
107790,D
107791,C
107792,A
107793,B
107794,D
107795,A
107796,B
107797,A
107798,C
107799,B
107800,A
107801,A
107802,D
107803,A
107804,C
107805,A
107806,D
107807,A
107808,C
107809,B
107810,B
107811,B
107812,D
107813,B
107814,B
107815,C
107816,A
107817,B
107818,A
107819,B
107820,D
107821,B
107822,A
107823,C
107824,B
107825,D
107826,A
107827,B
107828,C
107829,B
107830,B
107831,A
107832,A
107833,C
107834,B
107835,D
107836,B
107837,D
107838,D
107839,D
107840,D
107841,D
107842,A
107843,D
107844,D
107845,D
107846,A
107847,A
107848,D
107849,B
107850,D
107851,D
107852,C
107853,C
107854,B
107855,B
107856,B
107857,B
107858,A
107859,A
107860,A
107861,A
107862,C
107863,B
107864,C
107865,A
107866,B
107867,A
107868,A
107869,A
107870,B
107871,A
107872,A
107873,B
107874,A
107875,A
107876,A
107877,A
107878,C
107879,C
107880,C
107881,A
107882,A
107883,A
107884,A
107885,B
107886,B
107887,B
107888,B
107889,B
107890,A
107891,D
107892,D
107893,C
107894,C
107895,B
107896,B
107897,B
107898,A
107899,B
107900,C
107901,D
107902,C
107903,D
107904,B
107905,D
107906,A
107907,C
107908,B
107909,D
107910,B
107911,A
107912,C
107913,D
107914,A
107915,B
107916,A
107917,C
107918,A
107919,A
107920,C
107921,A
107922,A
107923,C
107924,C
107925,B
107926,D
107927,D
107928,A
107929,C
107930,D
107931,B
107932,D
107933,D
107934,C
107935,D
107936,C
107937,D
107938,D
107939,A
107940,C
107941,B
107942,C
107943,A
107944,B
107945,C
107946,A
107947,D
107948,D
107949,D
107950,C
107951,B
107952,D
107953,B
107954,D
107955,A
107956,B
107957,D
107958,B
107959,D
107960,C
107961,D
107962,C
107963,A
107964,D
107965,A
107966,D
107967,B
107968,A
107969,C
107970,B
107971,C
107972,C
107973,D
107974,D
107975,D
107976,A
107977,C
107978,B
107979,C
107980,C
107981,C
107982,C
107983,C
107984,A
107985,B
107986,C
107987,B
107988,C
107989,C
107990,D
107991,D
107992,B
107993,B
107994,A
107995,B
107996,D
107997,C
107998,B
107999,A
108000,C
108001,B
108002,D
108003,C
108004,B
108005,A
108006,D
108007,C
108008,B
108009,D
108010,A
108011,D
108012,B
108013,A
108014,B
108015,C
108016,B
108017,D
108018,D
108019,D
108020,A
108021,D
108022,B
108023,D
108024,D
108025,C
108026,B
108027,A
108028,B
108029,C
108030,B
108031,C
108032,A
108033,D
108034,A
108035,D
108036,A
108037,C
108038,C
108039,C
108040,D
108041,C
108042,A
108043,A
108044,A
108045,C
108046,D
108047,D
108048,D
108049,A
108050,C
108051,C
108052,B
108053,A
108054,B
108055,D
108056,D
108057,B
108058,B
108059,A
108060,A
108061,D
108062,D
108063,D
108064,A
108065,D
108066,D
108067,B
108068,A
108069,A
108070,B
108071,D
108072,B
108073,B
108074,C
108075,C
108076,D
108077,D
108078,C
108079,D
108080,B
108081,A
108082,A
108083,B
108084,B
108085,B
108086,B
108087,B
108088,A
108089,D
108090,A
108091,A
108092,C
108093,C
108094,B
108095,C
108096,C
108097,B
108098,B
108099,D
108100,D
108101,B
108102,D
108103,A
108104,A
108105,B
108106,D
108107,C
108108,A
108109,B
108110,C
108111,C
108112,B
108113,D
108114,C
108115,D
108116,D
108117,D
108118,B
108119,C
108120,A
108121,B
108122,B
108123,D
108124,B
108125,A
108126,A
108127,C
108128,B
108129,A
108130,A
108131,A
108132,D
108133,A
108134,B
108135,D
108136,C
108137,D
108138,B
108139,A
108140,B
108141,B
108142,B
108143,B
108144,C
108145,A
108146,D
108147,C
108148,D
108149,C
108150,D
108151,B
108152,D
108153,A
108154,C
108155,A
108156,A
108157,D
108158,A
108159,A
108160,B
108161,A
108162,D
108163,D
108164,D
108165,B
108166,D
108167,A
108168,C
108169,D
108170,C
108171,A
108172,C
108173,D
108174,C
108175,B
108176,D
108177,A
108178,B
108179,D
108180,C
108181,C
108182,C
108183,A
108184,A
108185,C
108186,B
108187,D
108188,D
108189,C
108190,A
108191,C
108192,A
108193,B
108194,B
108195,A
108196,D
108197,A
108198,A
108199,B
108200,A
108201,A
108202,A
108203,D
108204,C
108205,B
108206,D
108207,C
108208,C
108209,C
108210,C
108211,B
108212,C
108213,D
108214,A
108215,B
108216,B
108217,C
108218,A
108219,A
108220,D
108221,C
108222,C
108223,A
108224,B
108225,C
108226,A
108227,A
108228,D
108229,B
108230,B
108231,D
108232,B
108233,A
108234,A
108235,C
108236,D
108237,A
108238,D
108239,A
108240,D
108241,B
108242,B
108243,C
108244,C
108245,A
108246,D
108247,D
108248,C
108249,B
108250,B
108251,D
108252,B
108253,C
108254,B
108255,A
108256,D
108257,A
108258,B
108259,B
108260,A
108261,C
108262,D
108263,D
108264,A
108265,C
108266,A
108267,D
108268,D
108269,B
108270,A
108271,D
108272,A
108273,B
108274,A
108275,D
108276,C
108277,A
108278,B
108279,B
108280,C
108281,D
108282,D
108283,C
108284,D
108285,A
108286,A
108287,D
108288,B
108289,C
108290,D
108291,B
108292,C
108293,B
108294,A
108295,C
108296,A
108297,D
108298,D
108299,A
108300,C
108301,A
108302,D
108303,C
108304,B
108305,C
108306,A
108307,A
108308,D
108309,D
108310,C
108311,C
108312,B
108313,A
108314,C
108315,A
108316,D
108317,A
108318,C
108319,A
108320,A
108321,D
108322,C
108323,B
108324,D
108325,D
108326,D
108327,B
108328,A
108329,D
108330,B
108331,A
108332,A
108333,C
108334,D
108335,B
108336,B
108337,B
108338,D
108339,D
108340,B
108341,B
108342,C
108343,C
108344,C
108345,D
108346,C
108347,D
108348,B
108349,C
108350,D
108351,A
108352,B
108353,B
108354,C
108355,A
108356,C
108357,B
108358,B
108359,C
108360,D
108361,C
108362,A
108363,A
108364,D
108365,C
108366,C
108367,C
108368,C
108369,B
108370,D
108371,C
108372,A
108373,D
108374,B
108375,D
108376,D
108377,A
108378,B
108379,A
108380,B
108381,A
108382,A
108383,C
108384,C
108385,D
108386,D
108387,C
108388,A
108389,C
108390,B
108391,C
108392,C
108393,B
108394,A
108395,A
108396,C
108397,C
108398,B
108399,A
108400,D
108401,B
108402,C
108403,A
108404,A
108405,C
108406,A
108407,A
108408,C
108409,A
108410,B
108411,C
108412,B
108413,C
108414,D
108415,D
108416,C
108417,C
108418,C
108419,A
108420,C
108421,B
108422,D
108423,D
108424,A
108425,C
108426,B
108427,B
108428,C
108429,B
108430,A
108431,B
108432,D
108433,D
108434,B
108435,D
108436,B
108437,D
108438,A
108439,B
108440,C
108441,C
108442,D
108443,C
108444,B
108445,D
108446,C
108447,C
108448,C
108449,B
108450,A
108451,C
108452,B
108453,C
108454,B
108455,A
108456,C
108457,B
108458,A
108459,A
108460,B
108461,B
108462,B
108463,B
108464,C
108465,B
108466,B
108467,A
108468,A
108469,C
108470,D
108471,B
108472,C
108473,C
108474,B
108475,D
108476,A
108477,D
108478,D
108479,C
108480,A
108481,D
108482,C
108483,B
108484,A
108485,A
108486,B
108487,D
108488,C
108489,B
108490,A
108491,B
108492,D
108493,D
108494,C
108495,C
108496,B
108497,B
108498,A
108499,B
108500,C
108501,C
108502,A
108503,C
108504,A
108505,A
108506,B
108507,A
108508,C
108509,C
108510,C
108511,B
108512,B
108513,B
108514,D
108515,D
108516,C
108517,B
108518,B
108519,B
108520,C
108521,B
108522,C
108523,D
108524,A
108525,C
108526,C
108527,C
108528,A
108529,A
108530,B
108531,D
108532,D
108533,A
108534,B
108535,B
108536,D
108537,B
108538,D
108539,C
108540,A
108541,A
108542,D
108543,A
108544,D
108545,C
108546,C
108547,A
108548,B
108549,C
108550,B
108551,C
108552,D
108553,A
108554,D
108555,D
108556,D
108557,D
108558,A
108559,B
108560,D
108561,A
108562,D
108563,D
108564,C
108565,B
108566,C
108567,C
108568,C
108569,C
108570,B
108571,D
108572,D
108573,A
108574,D
108575,D
108576,B
108577,D
108578,A
108579,B
108580,D
108581,C
108582,D
108583,D
108584,A
108585,B
108586,A
108587,B
108588,D
108589,C
108590,A
108591,D
108592,D
108593,D
108594,C
108595,A
108596,A
108597,B
108598,C
108599,C
108600,D
108601,B
108602,B
108603,D
108604,A
108605,D
108606,C
108607,B
108608,D
108609,A
108610,C
108611,D
108612,A
108613,A
108614,A
108615,B
108616,D
108617,C
108618,D
108619,C
108620,A
108621,A
108622,B
108623,C
108624,C
108625,D
108626,C
108627,B
108628,C
108629,A
108630,B
108631,B
108632,A
108633,B
108634,C
108635,A
108636,B
108637,C
108638,D
108639,C
108640,D
108641,B
108642,B
108643,C
108644,D
108645,A
108646,B
108647,A
108648,D
108649,A
108650,D
108651,D
108652,C
108653,D
108654,C
108655,A
108656,C
108657,B
108658,C
108659,A
108660,B
108661,A
108662,D
108663,A
108664,C
108665,A
108666,A
108667,D
108668,B
108669,D
108670,D
108671,C
108672,B
108673,A
108674,B
108675,C
108676,C
108677,C
108678,C
108679,D
108680,A
108681,B
108682,B
108683,D
108684,B
108685,B
108686,A
108687,D
108688,B
108689,B
108690,D
108691,C
108692,C
108693,D
108694,A
108695,A
108696,B
108697,B
108698,B
108699,C
108700,B
108701,B
108702,B
108703,C
108704,C
108705,D
108706,A
108707,B
108708,A
108709,C
108710,B
108711,C
108712,C
108713,B
108714,B
108715,B
108716,C
108717,A
108718,D
108719,C
108720,B
108721,A
108722,B
108723,D
108724,C
108725,C
108726,C
108727,B
108728,A
108729,B
108730,D
108731,C
108732,D
108733,C
108734,C
108735,A
108736,D
108737,B
108738,C
108739,C
108740,C
108741,A
108742,A
108743,A
108744,C
108745,B
108746,D
108747,C
108748,C
108749,A
108750,B
108751,C
108752,B
108753,C
108754,B
108755,B
108756,B
108757,A
108758,C
108759,C
108760,B
108761,D
108762,D
108763,A
108764,B
108765,A
108766,A
108767,C
108768,B
108769,C
108770,D
108771,B
108772,C
108773,A
108774,B
108775,C
108776,B
108777,A
108778,B
108779,C
108780,B
108781,D
108782,D
108783,A
108784,D
108785,D
108786,D
108787,C
108788,B
108789,D
108790,D
108791,C
108792,D
108793,A
108794,C
108795,C
108796,B
108797,D
108798,D
108799,B
108800,B
108801,C
108802,B
108803,B
108804,C
108805,C
108806,C
108807,B
108808,D
108809,C
108810,A
108811,A
108812,D
108813,A
108814,B
108815,D
108816,C
108817,D
108818,D
108819,C
108820,B
108821,C
108822,C
108823,A
108824,A
108825,A
108826,D
108827,D
108828,A
108829,D
108830,C
108831,A
108832,B
108833,A
108834,A
108835,D
108836,A
108837,A
108838,D
108839,A
108840,D
108841,D
108842,B
108843,B
108844,A
108845,A
108846,D
108847,C
108848,A
108849,D
108850,C
108851,B
108852,D
108853,C
108854,A
108855,D
108856,C
108857,A
108858,B
108859,A
108860,D
108861,B
108862,B
108863,B
108864,C
108865,C
108866,C
108867,B
108868,C
108869,D
108870,D
108871,B
108872,B
108873,C
108874,A
108875,B
108876,D
108877,A
108878,B
108879,D
108880,D
108881,A
108882,C
108883,B
108884,D
108885,C
108886,B
108887,C
108888,A
108889,D
108890,C
108891,A
108892,C
108893,C
108894,B
108895,A
108896,D
108897,C
108898,B
108899,A
108900,A
108901,C
108902,D
108903,B
108904,C
108905,B
108906,B
108907,C
108908,C
108909,B
108910,C
108911,A
108912,B
108913,B
108914,B
108915,A
108916,B
108917,B
108918,A
108919,D
108920,B
108921,C
108922,A
108923,D
108924,C
108925,C
108926,C
108927,D
108928,B
108929,B
108930,C
108931,B
108932,C
108933,C
108934,A
108935,D
108936,C
108937,D
108938,C
108939,B
108940,D
108941,C
108942,A
108943,C
108944,A
108945,B
108946,A
108947,A
108948,B
108949,D
108950,A
108951,B
108952,A
108953,A
108954,D
108955,C
108956,A
108957,C
108958,C
108959,B
108960,B
108961,C
108962,A
108963,C
108964,C
108965,B
108966,A
108967,D
108968,B
108969,B
108970,B
108971,A
108972,B
108973,A
108974,C
108975,D
108976,B
108977,B
108978,B
108979,B
108980,C
108981,B
108982,C
108983,C
108984,A
108985,A
108986,C
108987,A
108988,B
108989,A
108990,A
108991,B
108992,A
108993,A
108994,D
108995,B
108996,A
108997,A
108998,C
108999,A
109000,D
109001,C
109002,C
109003,C
109004,A
109005,A
109006,C
109007,B
109008,B
109009,C
109010,B
109011,C
109012,C
109013,C
109014,A
109015,A
109016,D
109017,A
109018,D
109019,C
109020,D
109021,D
109022,C
109023,B
109024,C
109025,B
109026,B
109027,D
109028,A
109029,C
109030,A
109031,A
109032,B
109033,B
109034,A
109035,A
109036,A
109037,D
109038,A
109039,C
109040,D
109041,D
109042,D
109043,D
109044,B
109045,D
109046,A
109047,D
109048,D
109049,A
109050,D
109051,C
109052,D
109053,C
109054,B
109055,D
109056,C
109057,A
109058,A
109059,D
109060,D
109061,B
109062,A
109063,B
109064,A
109065,D
109066,D
109067,C
109068,B
109069,B
109070,A
109071,D
109072,B
109073,D
109074,A
109075,D
109076,A
109077,D
109078,B
109079,D
109080,C
109081,A
109082,C
109083,C
109084,C
109085,C
109086,D
109087,C
109088,C
109089,A
109090,A
109091,C
109092,B
109093,B
109094,A
109095,A
109096,B
109097,C
109098,A
109099,D
109100,A
109101,C
109102,B
109103,B
109104,C
109105,D
109106,A
109107,B
109108,C
109109,D
109110,A
109111,A
109112,C
109113,C
109114,B
109115,A
109116,B
109117,A
109118,D
109119,B
109120,D
109121,A
109122,D
109123,A
109124,C
109125,D
109126,A
109127,D
109128,D
109129,B
109130,B
109131,D
109132,D
109133,B
109134,D
109135,A
109136,A
109137,B
109138,C
109139,C
109140,B
109141,D
109142,A
109143,C
109144,B
109145,A
109146,D
109147,D
109148,B
109149,C
109150,A
109151,D
109152,C
109153,C
109154,B
109155,A
109156,A
109157,C
109158,B
109159,C
109160,A
109161,B
109162,B
109163,A
109164,D
109165,A
109166,D
109167,D
109168,A
109169,B
109170,D
109171,B
109172,D
109173,D
109174,A
109175,C
109176,C
109177,B
109178,D
109179,A
109180,C
109181,A
109182,B
109183,A
109184,B
109185,D
109186,C
109187,B
109188,B
109189,D
109190,D
109191,B
109192,D
109193,D
109194,D
109195,D
109196,D
109197,C
109198,C
109199,A
109200,B
109201,B
109202,A
109203,C
109204,D
109205,C
109206,A
109207,C
109208,D
109209,A
109210,D
109211,B
109212,D
109213,B
109214,B
109215,D
109216,C
109217,A
109218,B
109219,D
109220,B
109221,C
109222,C
109223,D
109224,B
109225,A
109226,B
109227,C
109228,B
109229,C
109230,D
109231,B
109232,C
109233,D
109234,B
109235,C
109236,D
109237,C
109238,A
109239,C
109240,B
109241,C
109242,D
109243,A
109244,D
109245,A
109246,D
109247,D
109248,A
109249,B
109250,C
109251,B
109252,C
109253,C
109254,C
109255,C
109256,C
109257,C
109258,D
109259,D
109260,D
109261,B
109262,D
109263,D
109264,C
109265,D
109266,A
109267,C
109268,C
109269,D
109270,D
109271,C
109272,C
109273,D
109274,A
109275,D
109276,C
109277,B
109278,C
109279,A
109280,D
109281,C
109282,B
109283,B
109284,D
109285,C
109286,B
109287,C
109288,C
109289,C
109290,D
109291,A
109292,B
109293,A
109294,A
109295,C
109296,B
109297,D
109298,A
109299,D
109300,D
109301,B
109302,D
109303,A
109304,B
109305,D
109306,A
109307,B
109308,B
109309,D
109310,B
109311,D
109312,D
109313,B
109314,A
109315,D
109316,D
109317,C
109318,A
109319,A
109320,C
109321,A
109322,B
109323,A
109324,B
109325,B
109326,D
109327,A
109328,C
109329,A
109330,A
109331,A
109332,C
109333,D
109334,C
109335,B
109336,D
109337,D
109338,C
109339,B
109340,D
109341,B
109342,B
109343,D
109344,B
109345,D
109346,D
109347,D
109348,C
109349,B
109350,D
109351,A
109352,B
109353,A
109354,C
109355,B
109356,D
109357,B
109358,D
109359,A
109360,D
109361,D
109362,A
109363,C
109364,B
109365,D
109366,A
109367,A
109368,D
109369,A
109370,C
109371,A
109372,A
109373,A
109374,D
109375,B
109376,A
109377,C
109378,B
109379,C
109380,D
109381,A
109382,B
109383,A
109384,D
109385,A
109386,B
109387,D
109388,D
109389,C
109390,D
109391,D
109392,C
109393,B
109394,D
109395,D
109396,B
109397,B
109398,D
109399,A
109400,B
109401,A
109402,A
109403,B
109404,A
109405,C
109406,A
109407,D
109408,D
109409,D
109410,B
109411,D
109412,A
109413,B
109414,D
109415,C
109416,C
109417,D
109418,C
109419,A
109420,D
109421,C
109422,B
109423,A
109424,B
109425,C
109426,D
109427,D
109428,D
109429,A
109430,D
109431,C
109432,C
109433,B
109434,A
109435,D
109436,B
109437,A
109438,D
109439,C
109440,D
109441,C
109442,D
109443,C
109444,C
109445,A
109446,B
109447,C
109448,D
109449,C
109450,B
109451,C
109452,A
109453,B
109454,C
109455,B
109456,C
109457,B
109458,A
109459,B
109460,C
109461,A
109462,C
109463,B
109464,A
109465,B
109466,B
109467,B
109468,A
109469,C
109470,A
109471,B
109472,A
109473,C
109474,A
109475,C
109476,B
109477,D
109478,B
109479,A
109480,D
109481,C
109482,D
109483,D
109484,B
109485,C
109486,B
109487,A
109488,C
109489,D
109490,C
109491,B
109492,B
109493,B
109494,D
109495,C
109496,B
109497,A
109498,B
109499,A
109500,B
109501,D
109502,C
109503,A
109504,A
109505,D
109506,D
109507,B
109508,D
109509,D
109510,C
109511,C
109512,D
109513,C
109514,D
109515,C
109516,C
109517,C
109518,A
109519,B
109520,C
109521,D
109522,A
109523,C
109524,A
109525,B
109526,D
109527,D
109528,B
109529,D
109530,A
109531,D
109532,B
109533,A
109534,C
109535,A
109536,D
109537,C
109538,B
109539,A
109540,B
109541,A
109542,A
109543,D
109544,A
109545,B
109546,C
109547,D
109548,C
109549,A
109550,C
109551,D
109552,D
109553,D
109554,D
109555,A
109556,C
109557,C
109558,A
109559,D
109560,A
109561,C
109562,C
109563,A
109564,A
109565,B
109566,D
109567,B
109568,D
109569,C
109570,B
109571,A
109572,C
109573,B
109574,D
109575,D
109576,C
109577,A
109578,C
109579,D
109580,B
109581,A
109582,B
109583,D
109584,B
109585,C
109586,C
109587,D
109588,D
109589,D
109590,C
109591,A
109592,A
109593,B
109594,A
109595,B
109596,C
109597,A
109598,D
109599,C
109600,A
109601,C
109602,C
109603,A
109604,D
109605,D
109606,B
109607,C
109608,C
109609,A
109610,B
109611,D
109612,A
109613,D
109614,D
109615,D
109616,B
109617,A
109618,C
109619,B
109620,B
109621,B
109622,B
109623,A
109624,B
109625,D
109626,C
109627,D
109628,B
109629,C
109630,D
109631,D
109632,C
109633,C
109634,B
109635,A
109636,B
109637,D
109638,D
109639,A
109640,D
109641,D
109642,C
109643,D
109644,C
109645,B
109646,A
109647,A
109648,B
109649,A
109650,D
109651,C
109652,A
109653,B
109654,A
109655,D
109656,C
109657,C
109658,D
109659,B
109660,D
109661,A
109662,A
109663,C
109664,A
109665,C
109666,C
109667,B
109668,C
109669,A
109670,A
109671,C
109672,D
109673,A
109674,B
109675,B
109676,A
109677,A
109678,D
109679,B
109680,D
109681,B
109682,C
109683,A
109684,B
109685,C
109686,D
109687,C
109688,D
109689,B
109690,C
109691,D
109692,A
109693,B
109694,B
109695,D
109696,C
109697,B
109698,C
109699,C
109700,D
109701,C
109702,B
109703,D
109704,D
109705,A
109706,B
109707,C
109708,C
109709,A
109710,B
109711,A
109712,B
109713,B
109714,A
109715,A
109716,B
109717,B
109718,D
109719,C
109720,C
109721,B
109722,C
109723,C
109724,C
109725,D
109726,C
109727,D
109728,B
109729,D
109730,A
109731,A
109732,D
109733,C
109734,D
109735,D
109736,B
109737,D
109738,C
109739,A
109740,A
109741,D
109742,A
109743,B
109744,D
109745,B
109746,B
109747,B
109748,C
109749,C
109750,D
109751,B
109752,D
109753,A
109754,A
109755,A
109756,C
109757,B
109758,C
109759,A
109760,A
109761,D
109762,C
109763,B
109764,D
109765,D
109766,A
109767,B
109768,D
109769,D
109770,A
109771,A
109772,B
109773,C
109774,B
109775,D
109776,C
109777,C
109778,A
109779,C
109780,C
109781,A
109782,B
109783,D
109784,A
109785,B
109786,B
109787,D
109788,C
109789,D
109790,A
109791,C
109792,C
109793,D
109794,B
109795,C
109796,A
109797,A
109798,D
109799,D
109800,C
109801,A
109802,B
109803,A
109804,A
109805,B
109806,B
109807,D
109808,B
109809,D
109810,D
109811,A
109812,B
109813,C
109814,B
109815,A
109816,B
109817,B
109818,B
109819,A
109820,C
109821,B
109822,C
109823,C
109824,B
109825,B
109826,B
109827,D
109828,B
109829,C
109830,B
109831,A
109832,C
109833,B
109834,B
109835,A
109836,D
109837,D
109838,D
109839,B
109840,B
109841,C
109842,C
109843,C
109844,B
109845,D
109846,C
109847,D
109848,A
109849,D
109850,B
109851,D
109852,B
109853,D
109854,B
109855,C
109856,B
109857,C
109858,A
109859,A
109860,C
109861,B
109862,C
109863,B
109864,B
109865,B
109866,A
109867,C
109868,B
109869,C
109870,B
109871,D
109872,D
109873,B
109874,A
109875,B
109876,C
109877,A
109878,C
109879,B
109880,B
109881,C
109882,D
109883,A
109884,B
109885,B
109886,D
109887,C
109888,D
109889,B
109890,B
109891,B
109892,C
109893,B
109894,A
109895,D
109896,B
109897,A
109898,C
109899,C
109900,D
109901,A
109902,B
109903,A
109904,A
109905,D
109906,C
109907,D
109908,D
109909,A
109910,A
109911,A
109912,C
109913,A
109914,B
109915,A
109916,B
109917,D
109918,D
109919,C
109920,D
109921,C
109922,D
109923,B
109924,D
109925,B
109926,B
109927,C
109928,A
109929,C
109930,C
109931,D
109932,A
109933,A
109934,B
109935,B
109936,D
109937,A
109938,B
109939,B
109940,B
109941,C
109942,A
109943,C
109944,A
109945,B
109946,C
109947,A
109948,A
109949,B
109950,B
109951,A
109952,C
109953,A
109954,C
109955,A
109956,B
109957,B
109958,B
109959,B
109960,C
109961,B
109962,A
109963,B
109964,A
109965,A
109966,B
109967,D
109968,A
109969,D
109970,C
109971,C
109972,A
109973,C
109974,D
109975,D
109976,D
109977,B
109978,B
109979,A
109980,A
109981,B
109982,D
109983,D
109984,D
109985,B
109986,A
109987,C
109988,C
109989,D
109990,C
109991,B
109992,C
109993,B
109994,D
109995,B
109996,D
109997,A
109998,C
109999,C
110000,B
110001,D
110002,B
110003,D
110004,A
110005,D
110006,D
110007,C
110008,A
110009,B
110010,A
110011,A
110012,D
110013,A
110014,B
110015,A
110016,C
110017,B
110018,A
110019,A
110020,C
110021,A
110022,B
110023,D
110024,A
110025,A
110026,A
110027,B
110028,B
110029,C
110030,D
110031,C
110032,C
110033,D
110034,D
110035,D
110036,D
110037,D
110038,D
110039,C
110040,B
110041,D
110042,B
110043,B
110044,A
110045,B
110046,D
110047,B
110048,A
110049,B
110050,C
110051,B
110052,C
110053,D
110054,A
110055,C
110056,B
110057,C
110058,C
110059,D
110060,D
110061,B
110062,D
110063,B
110064,C
110065,A
110066,A
110067,D
110068,B
110069,A
110070,C
110071,A
110072,D
110073,A
110074,D
110075,C
110076,A
110077,A
110078,A
110079,D
110080,C
110081,A
110082,D
110083,B
110084,D
110085,B
110086,A
110087,A
110088,D
110089,D
110090,D
110091,C
110092,C
110093,C
110094,A
110095,A
110096,A
110097,A
110098,A
110099,D
110100,D
110101,D
110102,C
110103,A
110104,D
110105,D
110106,A
110107,C
110108,C
110109,B
110110,C
110111,B
110112,B
110113,D
110114,A
110115,A
110116,B
110117,B
110118,D
110119,A
110120,A
110121,B
110122,B
110123,C
110124,D
110125,A
110126,B
110127,C
110128,B
110129,B
110130,A
110131,B
110132,A
110133,D
110134,A
110135,C
110136,D
110137,B
110138,A
110139,D
110140,B
110141,C
110142,C
110143,C
110144,B
110145,C
110146,C
110147,A
110148,D
110149,B
110150,A
110151,A
110152,B
110153,A
110154,D
110155,D
110156,A
110157,B
110158,B
110159,B
110160,D
110161,C
110162,A
110163,B
110164,B
110165,D
110166,A
110167,D
110168,C
110169,B
110170,C
110171,D
110172,A
110173,B
110174,A
110175,C
110176,D
110177,B
110178,B
110179,D
110180,A
110181,D
110182,B
110183,A
110184,D
110185,D
110186,D
110187,C
110188,B
110189,D
110190,D
110191,C
110192,D
110193,C
110194,D
110195,A
110196,B
110197,D
110198,A
110199,D
110200,D
110201,D
110202,D
110203,D
110204,A
110205,D
110206,A
110207,A
110208,C
110209,D
110210,D
110211,D
110212,C
110213,A
110214,B
110215,A
110216,C
110217,C
110218,D
110219,B
110220,A
110221,D
110222,B
110223,C
110224,A
110225,B
110226,D
110227,A
110228,C
110229,B
110230,A
110231,C
110232,D
110233,C
110234,A
110235,D
110236,D
110237,C
110238,A
110239,C
110240,C
110241,D
110242,C
110243,A
110244,C
110245,C
110246,A
110247,B
110248,C
110249,C
110250,C
110251,A
110252,B
110253,B
110254,A
110255,D
110256,D
110257,A
110258,D
110259,A
110260,D
110261,C
110262,C
110263,D
110264,C
110265,D
110266,A
110267,A
110268,B
110269,B
110270,C
110271,D
110272,C
110273,B
110274,C
110275,A
110276,B
110277,B
110278,B
110279,A
110280,C
110281,B
110282,C
110283,D
110284,D
110285,D
110286,B
110287,A
110288,D
110289,D
110290,B
110291,A
110292,C
110293,D
110294,B
110295,C
110296,D
110297,C
110298,D
110299,B
110300,A
110301,B
110302,D
110303,A
110304,B
110305,B
110306,D
110307,C
110308,D
110309,D
110310,A
110311,B
110312,D
110313,C
110314,C
110315,D
110316,D
110317,B
110318,B
110319,B
110320,A
110321,C
110322,C
110323,D
110324,A
110325,D
110326,D
110327,A
110328,D
110329,A
110330,B
110331,C
110332,D
110333,A
110334,D
110335,A
110336,C
110337,C
110338,B
110339,A
110340,A
110341,D
110342,C
110343,C
110344,A
110345,A
110346,C
110347,A
110348,C
110349,B
110350,D
110351,A
110352,C
110353,B
110354,B
110355,B
110356,D
110357,A
110358,C
110359,C
110360,B
110361,B
110362,C
110363,A
110364,A
110365,A
110366,B
110367,A
110368,A
110369,D
110370,A
110371,B
110372,C
110373,B
110374,D
110375,C
110376,C
110377,A
110378,D
110379,B
110380,D
110381,A
110382,B
110383,D
110384,C
110385,A
110386,C
110387,A
110388,B
110389,C
110390,B
110391,A
110392,B
110393,A
110394,A
110395,C
110396,A
110397,A
110398,A
110399,A
110400,C
110401,D
110402,B
110403,C
110404,B
110405,C
110406,B
110407,B
110408,D
110409,B
110410,C
110411,D
110412,D
110413,D
110414,B
110415,D
110416,A
110417,C
110418,B
110419,B
110420,C
110421,B
110422,C
110423,B
110424,B
110425,A
110426,A
110427,A
110428,D
110429,D
110430,B
110431,B
110432,C
110433,A
110434,C
110435,D
110436,A
110437,A
110438,C
110439,A
110440,B
110441,C
110442,B
110443,C
110444,D
110445,C
110446,B
110447,B
110448,D
110449,A
110450,A
110451,B
110452,A
110453,B
110454,B
110455,B
110456,C
110457,C
110458,D
110459,C
110460,C
110461,C
110462,D
110463,C
110464,D
110465,A
110466,B
110467,A
110468,C
110469,A
110470,A
110471,A
110472,A
110473,A
110474,C
110475,D
110476,D
110477,D
110478,A
110479,D
110480,B
110481,C
110482,B
110483,D
110484,B
110485,A
110486,D
110487,A
110488,A
110489,D
110490,C
110491,D
110492,A
110493,D
110494,C
110495,A
110496,B
110497,B
110498,B
110499,D
110500,A
110501,B
110502,C
110503,C
110504,B
110505,A
110506,B
110507,B
110508,C
110509,A
110510,B
110511,D
110512,D
110513,C
110514,C
110515,B
110516,B
110517,B
110518,C
110519,C
110520,A
110521,C
110522,A
110523,D
110524,A
110525,D
110526,D
110527,B
110528,B
110529,B
110530,A
110531,A
110532,B
110533,B
110534,D
110535,A
110536,A
110537,B
110538,B
110539,A
110540,C
110541,D
110542,B
110543,A
110544,C
110545,C
110546,B
110547,C
110548,C
110549,A
110550,D
110551,D
110552,C
110553,D
110554,D
110555,B
110556,C
110557,C
110558,B
110559,C
110560,D
110561,A
110562,B
110563,B
110564,C
110565,D
110566,D
110567,D
110568,B
110569,A
110570,D
110571,B
110572,D
110573,D
110574,A
110575,D
110576,A
110577,C
110578,B
110579,B
110580,A
110581,A
110582,B
110583,C
110584,B
110585,D
110586,D
110587,D
110588,A
110589,A
110590,C
110591,D
110592,C
110593,D
110594,D
110595,A
110596,C
110597,D
110598,C
110599,D
110600,B
110601,C
110602,C
110603,C
110604,A
110605,D
110606,B
110607,C
110608,D
110609,D
110610,C
110611,C
110612,A
110613,B
110614,B
110615,D
110616,C
110617,D
110618,A
110619,A
110620,B
110621,C
110622,B
110623,B
110624,B
110625,B
110626,C
110627,B
110628,A
110629,A
110630,B
110631,B
110632,C
